{"count":1,"self":115.93582079999999,"total":126.5663962,"children":{"AgentSendState":{"count":5920,"self":0.30849879999999996,"total":0.3655952,"children":{"CollectObservations":{"count":1236,"self":0.036077399999999996,"total":0.036077399999999996,"children":null},"CollectDiscreteActionMasks":{"count":1236,"self":0.0080017,"total":0.0080017,"children":null},"RayPerceptionSensor.Perceive":{"count":225,"self":0.013017299999999999,"total":0.013017299999999999,"children":null}}},"DecideAction":{"count":5920,"self":3.9871535999999996,"total":9.8385546,"children":{"RayPerceptionSensor.Perceive":{"count":1311,"self":5.8514007999999995,"total":5.851401,"children":null}}},"AgentAct":{"count":5920,"self":0.42343379999999997,"total":0.42343379999999997,"children":null}},"gauges":{"PenguinLearning.CumulativeReward":{"count":1,"max":-0.99994123,"min":-0.99994123,"runningAverage":-0.99994123,"value":-0.99994123,"weightedAverage":-0.99994123}},"metadata":{"timer_format_version":"0.1.0","start_time_seconds":"1596609711","unity_version":"2019.3.12f1","command_line_arguments":"C:\/Program Files\/Unity\/Editor\/Unity.exe -projectpath C:\/Users\/hinak\/Downloads\/ToC_Spr2020_FinalExam_FA19-RCS-015 -useHub -hubIPC -cloudEnvironment production -hubSessionId 238080d0-d350-11ea-9065-e317a70c3d28 -accessToken xAdBPHQJQeTqBwEVLKdFtA9PlDgDEOEesEHR6rg7UgM011f","communication_protocol_version":"1.0.0","com.unity.ml-agents_version":"1.0.0-preview","scene_name":"FlowerIsland","end_time_seconds":"1596609837"}}